{"cameraMode":{"drawMode":0,"name":"Shaded","section":"Shading Mode"},"sceneLighting":true,"audioPlay":false,"sceneViewState":{"m_AlwaysRefresh":false,"showFog":true,"showSkybox":true,"showFlares":true,"showImageEffects":true,"showParticleSystems":true,"showVisualEffectGraphs":true,"m_FxEnabled":true},"in2DMode":false,"pivot":{"x":-227.11886596679688,"y":-36.015560150146487,"z":56.92264175415039},"rotation":{"x":0.06263113021850586,"y":-0.6539753079414368,"z":0.05446534976363182,"w":0.7519605159759522},"size":157.40841674804688,"orthographic":false}