{"cameraMode":{"drawMode":0,"name":"Shaded","section":"Shading Mode"},"sceneLighting":true,"audioPlay":false,"sceneViewState":{"m_AlwaysRefresh":false,"showFog":true,"showSkybox":true,"showFlares":true,"showImageEffects":true,"showParticleSystems":true,"showVisualEffectGraphs":true,"m_FxEnabled":true},"in2DMode":false,"pivot":{"x":-228.5079345703125,"y":-28.732803344726564,"z":55.801971435546878},"rotation":{"x":0.06263113021850586,"y":-0.6539753079414368,"z":0.05446534976363182,"w":0.7519605159759522},"size":173.99734497070313,"orthographic":false}